{"cameraMode":{"drawMode":0,"name":"Shaded","section":"Shading Mode"},"sceneLighting":false,"audioPlay":false,"sceneViewState":{"showFog":true,"showMaterialUpdate":false,"showSkybox":true,"showFlares":true,"showImageEffects":true,"showParticleSystems":true},"in2DMode":false,"pivot":{"x":11.717641830444336,"y":2.7237749099731447,"z":17.7685489654541},"rotation":{"x":-0.060437966138124469,"y":0.7064052224159241,"z":-0.06076604127883911,"w":-0.7026025652885437},"size":6.40764856338501,"orthographic":false}