{"cameraMode":{"drawMode":0,"name":"Shaded","section":"Shading Mode"},"sceneLighting":false,"audioPlay":false,"sceneViewState":{"showFog":true,"showMaterialUpdate":false,"showSkybox":true,"showFlares":true,"showImageEffects":true,"showParticleSystems":true},"in2DMode":false,"pivot":{"x":23.23442840576172,"y":0.9346271753311157,"z":33.241058349609378},"rotation":{"x":-0.15863442420959474,"y":-0.005334742832928896,"z":0.0008571319049224258,"w":-0.9873237013816834},"size":1.2247449159622193,"orthographic":false}